strain	filter	kwargs
USA/NY-Wadsworth-21023778-01/2021	filter_by_exclude	"[[""exclude_file"", ""results/custom-build/excluded_by_diagnostics.txt""]]"
USA/NY-Wadsworth-21028273-01/2021	filter_by_exclude	"[[""exclude_file"", ""results/custom-build/excluded_by_diagnostics.txt""]]"
USA/NY-MVL050211263/2021	filter_by_exclude	"[[""exclude_file"", ""results/custom-build/excluded_by_diagnostics.txt""]]"
USA/NY-Wadsworth-21106891-01/2021	filter_by_exclude	"[[""exclude_file"", ""results/custom-build/excluded_by_diagnostics.txt""]]"
IMS-10302-CVDP-9036DBB4-05F3-4892-9A9D-D31D45E612C0	filter_by_exclude	"[[""exclude_file"", ""results/custom-build/excluded_by_diagnostics.txt""]]"
USA/NY-Wadsworth-21028233-01/2021	filter_by_exclude	"[[""exclude_file"", ""results/custom-build/excluded_by_diagnostics.txt""]]"
USA/NY-Wadsworth-21023030-01/2021	filter_by_exclude	"[[""exclude_file"", ""results/custom-build/excluded_by_diagnostics.txt""]]"
USA/NY-Wadsworth-21028251-01/2021	filter_by_exclude	"[[""exclude_file"", ""results/custom-build/excluded_by_diagnostics.txt""]]"
USA/NY-Wadsworth-21028312-01/2021	filter_by_exclude	"[[""exclude_file"", ""results/custom-build/excluded_by_diagnostics.txt""]]"
USA/MA-CDCBI-CRSP_WO2WZJQPWRJSOBF4/2022	filter_by_exclude	"[[""exclude_file"", ""results/custom-build/excluded_by_diagnostics.txt""]]"
USA/NY-MVL058210462/2021	filter_by_exclude	"[[""exclude_file"", ""results/custom-build/excluded_by_diagnostics.txt""]]"
USA/NY-MSHSPSP-PV59435/2022	filter_by_exclude	"[[""exclude_file"", ""results/custom-build/excluded_by_diagnostics.txt""]]"
USA/NY-MSHSPSP-PV67133/2022	filter_by_exclude	"[[""exclude_file"", ""results/custom-build/excluded_by_diagnostics.txt""]]"
IMS-10087-CVDP-0095AE43-FFA9-451F-97A0-F060ACB5CF57	filter_by_exclude	"[[""exclude_file"", ""results/custom-build/excluded_by_diagnostics.txt""]]"
IMS-10261-CVDP-CC2986D0-251A-4BED-9399-60ED21398EA5	filter_by_exclude	"[[""exclude_file"", ""results/custom-build/excluded_by_diagnostics.txt""]]"
USA/NY-Wadsworth-21028677-01/2021	filter_by_exclude	"[[""exclude_file"", ""results/custom-build/excluded_by_diagnostics.txt""]]"
USA/NY-MSHSPSP-PV35979/2021	filter_by_exclude	"[[""exclude_file"", ""results/custom-build/excluded_by_diagnostics.txt""]]"
USA/NY-MSHSPSP-PV73624/2022	filter_by_exclude	"[[""exclude_file"", ""results/custom-build/excluded_by_diagnostics.txt""]]"
USA/NY-Wadsworth-21018105-01/2021	filter_by_exclude	"[[""exclude_file"", ""results/custom-build/excluded_by_diagnostics.txt""]]"
USA/NY-Wadsworth-21023774-01/2021	filter_by_exclude	"[[""exclude_file"", ""results/custom-build/excluded_by_diagnostics.txt""]]"
USA/NY-MSHSPSP-PV57948/2022	filter_by_exclude	"[[""exclude_file"", ""results/custom-build/excluded_by_diagnostics.txt""]]"
OU195401	filter_by_exclude	"[[""exclude_file"", ""results/custom-build/excluded_by_diagnostics.txt""]]"
USA/NY-MVL053212180/2021	filter_by_exclude	"[[""exclude_file"", ""results/custom-build/excluded_by_diagnostics.txt""]]"
USA/NY-MSHSPSP-PV58427/2022	filter_by_exclude	"[[""exclude_file"", ""results/custom-build/excluded_by_diagnostics.txt""]]"
USA/NY-MSHSPSP-PV57963/2022	filter_by_exclude	"[[""exclude_file"", ""results/custom-build/excluded_by_diagnostics.txt""]]"
USA/NY-Wadsworth-21021150-01/2021	filter_by_exclude	"[[""exclude_file"", ""results/custom-build/excluded_by_diagnostics.txt""]]"
Denmark/DCGC-629030/2022	filter_by_exclude	"[[""exclude_file"", ""results/custom-build/excluded_by_diagnostics.txt""]]"
OU121188	filter_by_exclude	"[[""exclude_file"", ""results/custom-build/excluded_by_diagnostics.txt""]]"
USA/NY-MSHSPSP-PV35776/2021	filter_by_exclude	"[[""exclude_file"", ""results/custom-build/excluded_by_diagnostics.txt""]]"
USA/NY-MMI035210261/2021	filter_by_exclude	"[[""exclude_file"", ""results/custom-build/excluded_by_diagnostics.txt""]]"
USA/NY-MSHSPSP-PV66312/2022	filter_by_exclude	"[[""exclude_file"", ""results/custom-build/excluded_by_diagnostics.txt""]]"
USA/NY-Wadsworth-21020508-01/2021	filter_by_exclude	"[[""exclude_file"", ""results/custom-build/excluded_by_diagnostics.txt""]]"
USA/NY-MSHSPSP-PV57798/2022	filter_by_exclude	"[[""exclude_file"", ""results/custom-build/excluded_by_diagnostics.txt""]]"
USA/NY-Wadsworth-21018135-01/2021	filter_by_exclude	"[[""exclude_file"", ""results/custom-build/excluded_by_diagnostics.txt""]]"
USA/NY-CDC-QDX90889772/2024	filter_by_exclude	"[[""exclude_file"", ""results/custom-build/excluded_by_diagnostics.txt""]]"
USA/NY-Wadsworth-21021132-01/2021	filter_by_exclude	"[[""exclude_file"", ""results/custom-build/excluded_by_diagnostics.txt""]]"
USA/SD-CDC-2-7528742/2023	filter_by_exclude	"[[""exclude_file"", ""results/custom-build/excluded_by_diagnostics.txt""]]"
USA/NY-MSHSPSP-PV67122/2022	filter_by_exclude	"[[""exclude_file"", ""results/custom-build/excluded_by_diagnostics.txt""]]"
USA/NY-Wadsworth-21021120-01/2021	filter_by_exclude	"[[""exclude_file"", ""results/custom-build/excluded_by_diagnostics.txt""]]"
USA/NY-Wadsworth-21018065-01/2021	filter_by_exclude	"[[""exclude_file"", ""results/custom-build/excluded_by_diagnostics.txt""]]"
USA/NY-Wadsworth-21023230-01/2021	filter_by_exclude	"[[""exclude_file"", ""results/custom-build/excluded_by_diagnostics.txt""]]"
USA/NY-NYULH1074/2021	filter_by_exclude	"[[""exclude_file"", ""results/custom-build/excluded_by_diagnostics.txt""]]"
USA/NY-Wadsworth-21025969-01/2021	filter_by_exclude	"[[""exclude_file"", ""results/custom-build/excluded_by_diagnostics.txt""]]"
USA/NY-Wadsworth-21041719-01/2021	filter_by_exclude	"[[""exclude_file"", ""results/custom-build/excluded_by_diagnostics.txt""]]"
USA/NY-Wadsworth-21020500-01/2021	filter_by_exclude	"[[""exclude_file"", ""results/custom-build/excluded_by_diagnostics.txt""]]"
USA/NY-Wadsworth-21020831-01/2021	filter_by_exclude	"[[""exclude_file"", ""results/custom-build/excluded_by_diagnostics.txt""]]"
USA/NY-Wadsworth-21028280-01/2021	filter_by_exclude	"[[""exclude_file"", ""results/custom-build/excluded_by_diagnostics.txt""]]"
USA/NY-Wadsworth-21020893-01/2021	filter_by_exclude	"[[""exclude_file"", ""results/custom-build/excluded_by_diagnostics.txt""]]"
USA/NY-Wadsworth-21028305-01/2021	filter_by_exclude	"[[""exclude_file"", ""results/custom-build/excluded_by_diagnostics.txt""]]"
USA/NY-Wadsworth-21030358-01/2021	filter_by_exclude	"[[""exclude_file"", ""results/custom-build/excluded_by_diagnostics.txt""]]"
USA/NY-Wadsworth-22000240-01/2021	filter_by_exclude	"[[""exclude_file"", ""results/custom-build/excluded_by_diagnostics.txt""]]"
USA/NY-MSHSPSP-PV58033/2022	filter_by_exclude	"[[""exclude_file"", ""results/custom-build/excluded_by_diagnostics.txt""]]"
USA/NY-Wadsworth-21032658-01/2021	filter_by_exclude	"[[""exclude_file"", ""results/custom-build/excluded_by_diagnostics.txt""]]"
USA/NY-Wadsworth-21012108-01/2021	filter_by_exclude	"[[""exclude_file"", ""results/custom-build/excluded_by_diagnostics.txt""]]"
USA/NY-MVL047210872/2021	filter_by_exclude	"[[""exclude_file"", ""results/custom-build/excluded_by_diagnostics.txt""]]"
USA/NY-Wadsworth-21005051-01/2020	filter_by_exclude	"[[""exclude_file"", ""results/custom-build/excluded_by_diagnostics.txt""]]"
USA/NY-Wadsworth-21023054-01/2021	filter_by_exclude	"[[""exclude_file"", ""results/custom-build/excluded_by_diagnostics.txt""]]"
USA/NY-MSHSPSP-PV67239/2022	filter_by_exclude	"[[""exclude_file"", ""results/custom-build/excluded_by_diagnostics.txt""]]"
USA/SD-CDC-2-6069722/2022	filter_by_exclude	"[[""exclude_file"", ""results/custom-build/excluded_by_diagnostics.txt""]]"
USA/NY-Wadsworth-21028293-01/2021	filter_by_exclude	"[[""exclude_file"", ""results/custom-build/excluded_by_diagnostics.txt""]]"
USA/NY-Wadsworth-21026024-01/2021	filter_by_exclude	"[[""exclude_file"", ""results/custom-build/excluded_by_diagnostics.txt""]]"
USA/NY-Wadsworth-21021231-01/2021	filter_by_exclude	"[[""exclude_file"", ""results/custom-build/excluded_by_diagnostics.txt""]]"
USA/NY-MSHSPSP-PV58100/2022	filter_by_exclude	"[[""exclude_file"", ""results/custom-build/excluded_by_diagnostics.txt""]]"
USA/NY-Wadsworth-21028641-01/2021	filter_by_exclude	"[[""exclude_file"", ""results/custom-build/excluded_by_diagnostics.txt""]]"
USA/NY-MSHSPSP-PV28784/2021	filter_by_exclude	"[[""exclude_file"", ""results/custom-build/excluded_by_diagnostics.txt""]]"
USA/NY-MSHSPSP-PV35873/2021	filter_by_exclude	"[[""exclude_file"", ""results/custom-build/excluded_by_diagnostics.txt""]]"
USA/NY-MSHSPSP-PV66926/2022	filter_by_exclude	"[[""exclude_file"", ""results/custom-build/excluded_by_diagnostics.txt""]]"
England/QEUH-380E809/2022	filter_by_exclude	"[[""exclude_file"", ""results/custom-build/excluded_by_diagnostics.txt""]]"
USA/NY-MSHSPSP-PV66040/2022	filter_by_exclude	"[[""exclude_file"", ""results/custom-build/excluded_by_diagnostics.txt""]]"
USA/CA-CDPH-A3000000315028/2022	filter_by_exclude	"[[""exclude_file"", ""results/custom-build/excluded_by_diagnostics.txt""]]"
USA/CA-CDPH-500131192/2023	filter_by_exclude	"[[""exclude_file"", ""results/custom-build/excluded_by_diagnostics.txt""]]"
USA/NY-MSHSPSP-PV64198/2022	filter_by_exclude	"[[""exclude_file"", ""results/custom-build/excluded_by_diagnostics.txt""]]"
USA/NY-MSHSPSP-PV66867/2022	filter_by_exclude	"[[""exclude_file"", ""results/custom-build/excluded_by_diagnostics.txt""]]"
USA/NY-Wadsworth-21020528-01/2021	filter_by_exclude	"[[""exclude_file"", ""results/custom-build/excluded_by_diagnostics.txt""]]"
USA/NY-Wadsworth-21022377-01/2021	filter_by_exclude	"[[""exclude_file"", ""results/custom-build/excluded_by_diagnostics.txt""]]"
USA/NY-Wadsworth-21020498-01/2021	filter_by_exclude	"[[""exclude_file"", ""results/custom-build/excluded_by_diagnostics.txt""]]"
USA/NY-Wadsworth-21007336-01/2021	filter_by_exclude	"[[""exclude_file"", ""results/custom-build/excluded_by_diagnostics.txt""]]"
USA/NY-Wadsworth-21021228-01/2021	filter_by_exclude	"[[""exclude_file"", ""results/custom-build/excluded_by_diagnostics.txt""]]"
USA/NY-Wadsworth-21025970-01/2021	filter_by_exclude	"[[""exclude_file"", ""results/custom-build/excluded_by_diagnostics.txt""]]"
USA/IL-CDC-ASC210851129/2022	filter_by_exclude	"[[""exclude_file"", ""results/custom-build/excluded_by_diagnostics.txt""]]"
USA/NY-MSHSPSP-PV57842/2022	filter_by_exclude	"[[""exclude_file"", ""results/custom-build/excluded_by_diagnostics.txt""]]"
USA/NV-CDC-QDX91705413/2024	filter_by_exclude	"[[""exclude_file"", ""results/custom-build/excluded_by_diagnostics.txt""]]"
USA/NY-Wadsworth-21026017-01/2021	filter_by_exclude	"[[""exclude_file"", ""results/custom-build/excluded_by_diagnostics.txt""]]"
USA/NY-Wadsworth-21018798-01/2021	filter_by_exclude	"[[""exclude_file"", ""results/custom-build/excluded_by_diagnostics.txt""]]"
USA/WA-CDC-UW23020345774/2023	filter_by_exclude	"[[""exclude_file"", ""results/custom-build/excluded_by_diagnostics.txt""]]"
USA/NY-MVL043211129/2021	filter_by_exclude	"[[""exclude_file"", ""results/custom-build/excluded_by_diagnostics.txt""]]"
USA/NY-Wadsworth-21025956-01/2021	filter_by_exclude	"[[""exclude_file"", ""results/custom-build/excluded_by_diagnostics.txt""]]"
USA/NY-MSHSPSP-PV65975/2022	filter_by_exclude	"[[""exclude_file"", ""results/custom-build/excluded_by_diagnostics.txt""]]"
USA/CA-SEARCH-138351/2023	filter_by_exclude	"[[""exclude_file"", ""results/custom-build/excluded_by_diagnostics.txt""]]"
USA/NJ-CDC-LC0719756/2022	filter_by_exclude	"[[""exclude_file"", ""results/custom-build/excluded_by_diagnostics.txt""]]"
USA/NY-Wadsworth-21032728-01/2021	filter_by_exclude	"[[""exclude_file"", ""results/custom-build/excluded_by_diagnostics.txt""]]"
USA/55329077/2020	filter_by_exclude	"[[""exclude_file"", ""results/custom-build/excluded_by_diagnostics.txt""]]"
USA/CA-CDC-STM-EWQCNXX4C/2023	filter_by_exclude	"[[""exclude_file"", ""results/custom-build/excluded_by_diagnostics.txt""]]"
USA/NY-Wadsworth-21035680-01/2021	filter_by_exclude	"[[""exclude_file"", ""results/custom-build/excluded_by_diagnostics.txt""]]"
USA/NY-Wadsworth-21030350-01/2021	filter_by_exclude	"[[""exclude_file"", ""results/custom-build/excluded_by_diagnostics.txt""]]"
USA/NY-MSHSPSP-PV58377/2022	filter_by_exclude	"[[""exclude_file"", ""results/custom-build/excluded_by_diagnostics.txt""]]"
USA/NY-Wadsworth-21032741-01/2021	filter_by_exclude	"[[""exclude_file"", ""results/custom-build/excluded_by_diagnostics.txt""]]"
USA/NY-MVL072210520/2021	filter_by_exclude	"[[""exclude_file"", ""results/custom-build/excluded_by_diagnostics.txt""]]"
USA/NM-UNM-TRL-136/2023	filter_by_exclude	"[[""exclude_file"", ""results/custom-build/excluded_by_diagnostics.txt""]]"
OY751171	filter_by_exclude	"[[""exclude_file"", ""results/custom-build/excluded_by_diagnostics.txt""]]"
USA/NY-MSHSPSP-PV17752/2020	filter_by_exclude	"[[""exclude_file"", ""results/custom-build/excluded_by_diagnostics.txt""]]"
OY753475	filter_by_exclude	"[[""exclude_file"", ""results/custom-build/excluded_by_diagnostics.txt""]]"
USA/NY-MSHSPSP-PV36639/2021	filter_by_exclude	"[[""exclude_file"", ""results/custom-build/excluded_by_diagnostics.txt""]]"
USA/NY-Wadsworth-21017498-01/2021	filter_by_exclude	"[[""exclude_file"", ""results/custom-build/excluded_by_diagnostics.txt""]]"
USA/NY-MSHSPSP-PV35882/2021	filter_by_exclude	"[[""exclude_file"", ""results/custom-build/excluded_by_diagnostics.txt""]]"
USA/NY-Wadsworth-21025981-01/2021	filter_by_exclude	"[[""exclude_file"", ""results/custom-build/excluded_by_diagnostics.txt""]]"
USA/NY-MSHSPSP-PV57682/2022	filter_by_exclude	"[[""exclude_file"", ""results/custom-build/excluded_by_diagnostics.txt""]]"
USA/NY-Wadsworth-21023071-01/2021	filter_by_exclude	"[[""exclude_file"", ""results/custom-build/excluded_by_diagnostics.txt""]]"
USA/NY-PRL-231130_82E01/2023	filter_by_exclude	"[[""exclude_file"", ""results/custom-build/excluded_by_diagnostics.txt""]]"
USA/NY-MSHSPSP-PV35192/2021	filter_by_exclude	"[[""exclude_file"", ""results/custom-build/excluded_by_diagnostics.txt""]]"
USA/NY-Wadsworth-21035086-01/2021	filter_by_exclude	"[[""exclude_file"", ""results/custom-build/excluded_by_diagnostics.txt""]]"
USA/NY-Wadsworth-21028288-01/2021	filter_by_exclude	"[[""exclude_file"", ""results/custom-build/excluded_by_diagnostics.txt""]]"
USA/NY-MSHSPSP-PV66268/2022	filter_by_exclude	"[[""exclude_file"", ""results/custom-build/excluded_by_diagnostics.txt""]]"
USA/MD-CDC-ASC210031271/2021	filter_by_exclude	"[[""exclude_file"", ""results/custom-build/excluded_by_diagnostics.txt""]]"
IMS-10218-CVDP-088FD6C3-9252-4A73-B6E5-F63A75508A71	filter_by_exclude	"[[""exclude_file"", ""results/custom-build/excluded_by_diagnostics.txt""]]"
USA/NY-Wadsworth-21106828-01/2021	filter_by_exclude	"[[""exclude_file"", ""results/custom-build/excluded_by_diagnostics.txt""]]"
USA/NY-MSHSPSP-PV73536/2022	filter_by_exclude	"[[""exclude_file"", ""results/custom-build/excluded_by_diagnostics.txt""]]"
USA/NY-Wadsworth-21038179-01/2021	filter_by_exclude	"[[""exclude_file"", ""results/custom-build/excluded_by_diagnostics.txt""]]"
USA/NY-Wadsworth-21050099-01/2021	filter_by_exclude	"[[""exclude_file"", ""results/custom-build/excluded_by_diagnostics.txt""]]"
USA/MI-CDC-STM-ZBVBEB7S8/2022	filter_by_exclude	"[[""exclude_file"", ""results/custom-build/excluded_by_diagnostics.txt""]]"
USA/NY-Wadsworth-21030356-01/2021	filter_by_exclude	"[[""exclude_file"", ""results/custom-build/excluded_by_diagnostics.txt""]]"
USA/NY-Wadsworth-21045525-01/2021	filter_by_exclude	"[[""exclude_file"", ""results/custom-build/excluded_by_diagnostics.txt""]]"
USA/NY-Wadsworth-21018036-01/2021	filter_by_exclude	"[[""exclude_file"", ""results/custom-build/excluded_by_diagnostics.txt""]]"
Denmark/DCGC-663523/2023	filter_by_exclude	"[[""exclude_file"", ""results/custom-build/excluded_by_diagnostics.txt""]]"
OW569735	filter_by_exclude	"[[""exclude_file"", ""results/custom-build/excluded_by_diagnostics.txt""]]"
OY848142	filter_by_exclude	"[[""exclude_file"", ""results/custom-build/excluded_by_diagnostics.txt""]]"
USA/MI-UM-HS19110/2023	filter_by_exclude	"[[""exclude_file"", ""results/custom-build/excluded_by_diagnostics.txt""]]"
USA/NY-MSHSPSP-PV58199/2022	filter_by_exclude	"[[""exclude_file"", ""results/custom-build/excluded_by_diagnostics.txt""]]"
USA/NY-Wadsworth-21026042-01/2021	filter_by_exclude	"[[""exclude_file"", ""results/custom-build/excluded_by_diagnostics.txt""]]"
USA/NY-Wadsworth-21018175-01/2021	filter_by_exclude	"[[""exclude_file"", ""results/custom-build/excluded_by_diagnostics.txt""]]"
USA/NY-Wadsworth-21028255-01/2021	filter_by_exclude	"[[""exclude_file"", ""results/custom-build/excluded_by_diagnostics.txt""]]"
USA/NY-Wadsworth-21030347-01/2021	filter_by_exclude	"[[""exclude_file"", ""results/custom-build/excluded_by_diagnostics.txt""]]"
USA/NY-Wadsworth-21023570-01/2021	filter_by_exclude	"[[""exclude_file"", ""results/custom-build/excluded_by_diagnostics.txt""]]"
USA/NY-Wadsworth-21055236-01/2021	filter_by_exclude	"[[""exclude_file"", ""results/custom-build/excluded_by_diagnostics.txt""]]"
USA/NY-MSHSPSP-PV66037/2022	filter_by_exclude	"[[""exclude_file"", ""results/custom-build/excluded_by_diagnostics.txt""]]"
USA/NY-Wadsworth-21020609-01/2021	filter_by_exclude	"[[""exclude_file"", ""results/custom-build/excluded_by_diagnostics.txt""]]"
USA/NY-Wadsworth-21005056-01/2020	filter_by_exclude	"[[""exclude_file"", ""results/custom-build/excluded_by_diagnostics.txt""]]"
USA/NY-MVL040212147/2021	filter_by_exclude	"[[""exclude_file"", ""results/custom-build/excluded_by_diagnostics.txt""]]"
USA/NY-MSHSPSP-PV36243/2021	filter_by_exclude	"[[""exclude_file"", ""results/custom-build/excluded_by_diagnostics.txt""]]"
USA/NY-MVL042211157/2021	filter_by_exclude	"[[""exclude_file"", ""results/custom-build/excluded_by_diagnostics.txt""]]"
IMS-10267-CVDP-79ADE00F-446D-4B17-A7DB-11505B05ECF1	filter_by_exclude	"[[""exclude_file"", ""results/custom-build/excluded_by_diagnostics.txt""]]"
USA/NY-MSHSPSP-PV35171/2021	filter_by_exclude	"[[""exclude_file"", ""results/custom-build/excluded_by_diagnostics.txt""]]"
Denmark/DCGC-669683/2023	filter_by_exclude	"[[""exclude_file"", ""results/custom-build/excluded_by_diagnostics.txt""]]"
USA/NY-MSHSPSP-PV64518/2022	filter_by_exclude	"[[""exclude_file"", ""results/custom-build/excluded_by_diagnostics.txt""]]"
USA/NY-Wadsworth-21018067-01/2021	filter_by_exclude	"[[""exclude_file"", ""results/custom-build/excluded_by_diagnostics.txt""]]"
USA/NY-MSHSPSP-PV27588/2021	filter_by_exclude	"[[""exclude_file"", ""results/custom-build/excluded_by_diagnostics.txt""]]"
USA/NY-MSHSPSP-PV36531/2021	filter_by_exclude	"[[""exclude_file"", ""results/custom-build/excluded_by_diagnostics.txt""]]"
USA/IVY-G43Q97R1/2023	filter_by_exclude	"[[""exclude_file"", ""results/custom-build/excluded_by_diagnostics.txt""]]"
USA/NY-MSHSPSP-PV28440/2021	filter_by_exclude	"[[""exclude_file"", ""results/custom-build/excluded_by_diagnostics.txt""]]"
USA/NY-Wadsworth-21020872-01/2021	filter_by_exclude	"[[""exclude_file"", ""results/custom-build/excluded_by_diagnostics.txt""]]"
OU120733	filter_by_exclude	"[[""exclude_file"", ""results/custom-build/excluded_by_diagnostics.txt""]]"
USA/NY-Wadsworth-21018154-01/2021	filter_by_exclude	"[[""exclude_file"", ""results/custom-build/excluded_by_diagnostics.txt""]]"
USA/NY-Wadsworth-21035092-01/2021	filter_by_exclude	"[[""exclude_file"", ""results/custom-build/excluded_by_diagnostics.txt""]]"
USA/NY-Wadsworth-21036008-01/2021	filter_by_exclude	"[[""exclude_file"", ""results/custom-build/excluded_by_diagnostics.txt""]]"
USA/NY-Wadsworth-21018035-01/2021	filter_by_exclude	"[[""exclude_file"", ""results/custom-build/excluded_by_diagnostics.txt""]]"
USA/MI-CDC-LC1014520/2023	filter_by_exclude	"[[""exclude_file"", ""results/custom-build/excluded_by_diagnostics.txt""]]"
USA/NY-Wadsworth-21046901-01/2021	filter_by_exclude	"[[""exclude_file"", ""results/custom-build/excluded_by_diagnostics.txt""]]"
USA/NY-Wadsworth-21042702-01/2021	filter_by_exclude	"[[""exclude_file"", ""results/custom-build/excluded_by_diagnostics.txt""]]"
USA/FL-CDC-LC0637340/2022	filter_by_exclude	"[[""exclude_file"", ""results/custom-build/excluded_by_diagnostics.txt""]]"
USA/NY-Wadsworth-21040799-01/2021	filter_by_exclude	"[[""exclude_file"", ""results/custom-build/excluded_by_diagnostics.txt""]]"
USA/NY-Wadsworth-21023066-01/2021	filter_by_exclude	"[[""exclude_file"", ""results/custom-build/excluded_by_diagnostics.txt""]]"
USA/NY-MSHSPSP-PV28770/2021	filter_by_exclude	"[[""exclude_file"", ""results/custom-build/excluded_by_diagnostics.txt""]]"
USA/NY-MSHSPSP-PV74748/2022	filter_by_exclude	"[[""exclude_file"", ""results/custom-build/excluded_by_diagnostics.txt""]]"
OY099965	filter_by_exclude	"[[""exclude_file"", ""results/custom-build/excluded_by_diagnostics.txt""]]"
USA/NY-CDC-QDX84402856/2023	filter_by_exclude	"[[""exclude_file"", ""results/custom-build/excluded_by_diagnostics.txt""]]"
USA/NY-Wadsworth-21023236-01/2021	filter_by_exclude	"[[""exclude_file"", ""results/custom-build/excluded_by_diagnostics.txt""]]"
USA/NY-MSHSPSP-PV65188/2022	filter_by_exclude	"[[""exclude_file"", ""results/custom-build/excluded_by_diagnostics.txt""]]"
USA/NY-Wadsworth-21050097-01/2021	filter_by_exclude	"[[""exclude_file"", ""results/custom-build/excluded_by_diagnostics.txt""]]"
USA/NY-MVL062211759/2021	filter_by_exclude	"[[""exclude_file"", ""results/custom-build/excluded_by_diagnostics.txt""]]"
USA/NY-MVL058210026/2021	filter_by_exclude	"[[""exclude_file"", ""results/custom-build/excluded_by_diagnostics.txt""]]"
USA/NY-Wadsworth-21040788-01/2021	filter_by_exclude	"[[""exclude_file"", ""results/custom-build/excluded_by_diagnostics.txt""]]"
USA/NY-Wadsworth-21018054-01/2021	filter_by_exclude	"[[""exclude_file"", ""results/custom-build/excluded_by_diagnostics.txt""]]"
USA/NY-MSHSPSP-PV74729/2022	filter_by_exclude	"[[""exclude_file"", ""results/custom-build/excluded_by_diagnostics.txt""]]"
England/QEUH-32579B03/2022	filter_by_exclude	"[[""exclude_file"", ""results/custom-build/excluded_by_diagnostics.txt""]]"
USA/NY-MSHSPSP-PV27038/2021	filter_by_exclude	"[[""exclude_file"", ""results/custom-build/excluded_by_diagnostics.txt""]]"
USA/NY-Wadsworth-21018133-01/2021	filter_by_exclude	"[[""exclude_file"", ""results/custom-build/excluded_by_diagnostics.txt""]]"
THA/MTM_01_601/2022	filter_by_exclude	"[[""exclude_file"", ""results/custom-build/excluded_by_diagnostics.txt""]]"
USA/NY-MVL040211592/2021	filter_by_exclude	"[[""exclude_file"", ""results/custom-build/excluded_by_diagnostics.txt""]]"
USA/MI-MDHHS-SC45027/2024	filter_by_exclude	"[[""exclude_file"", ""results/custom-build/excluded_by_diagnostics.txt""]]"
USA/NY-Wadsworth-21012224-01/2021	filter_by_exclude	"[[""exclude_file"", ""results/custom-build/excluded_by_diagnostics.txt""]]"
USA/NY-Wadsworth-21050104-01/2021	filter_by_exclude	"[[""exclude_file"", ""results/custom-build/excluded_by_diagnostics.txt""]]"
USA/NY-Wadsworth-21012154-01/2021	filter_by_exclude	"[[""exclude_file"", ""results/custom-build/excluded_by_diagnostics.txt""]]"
USA/TX-CDC-QDX48496875/2023	filter_by_exclude	"[[""exclude_file"", ""results/custom-build/excluded_by_diagnostics.txt""]]"
OY306102	filter_by_exclude	"[[""exclude_file"", ""results/custom-build/excluded_by_diagnostics.txt""]]"
USA/NY-CDC-QDX48144257/2023	filter_by_exclude	"[[""exclude_file"", ""results/custom-build/excluded_by_diagnostics.txt""]]"
USA/NY-NYULH468/2021	filter_by_exclude	"[[""exclude_file"", ""results/custom-build/excluded_by_diagnostics.txt""]]"
USA/NY-MSHSPSP-PV37968/2021	filter_by_exclude	"[[""exclude_file"", ""results/custom-build/excluded_by_diagnostics.txt""]]"
USA/NY-Wadsworth-21046895-01/2021	filter_by_exclude	"[[""exclude_file"", ""results/custom-build/excluded_by_diagnostics.txt""]]"
USA/NY-MSHSPSP-PV58319/2022	filter_by_exclude	"[[""exclude_file"", ""results/custom-build/excluded_by_diagnostics.txt""]]"
USA/NY-Wadsworth-21012077-01/2021	filter_by_exclude	"[[""exclude_file"", ""results/custom-build/excluded_by_diagnostics.txt""]]"
USA/NY-MSHSPSP-PV58450/2022	filter_by_exclude	"[[""exclude_file"", ""results/custom-build/excluded_by_diagnostics.txt""]]"
IMS-10013-CVDP-0A3F4BEC-19C4-41ED-BE29-4E12D8D2C81E	filter_by_exclude	"[[""exclude_file"", ""results/custom-build/excluded_by_diagnostics.txt""]]"
USA/NY-Wadsworth-21042175-01/2021	filter_by_exclude	"[[""exclude_file"", ""results/custom-build/excluded_by_diagnostics.txt""]]"
USA/CA-CDPH-FS48079363/2022	filter_by_exclude	"[[""exclude_file"", ""results/custom-build/excluded_by_diagnostics.txt""]]"
USA/NY-MSHSPSP-PV59624/2022	filter_by_exclude	"[[""exclude_file"", ""results/custom-build/excluded_by_diagnostics.txt""]]"
USA/NY-MSHSPSP-PV36127/2021	filter_by_exclude	"[[""exclude_file"", ""results/custom-build/excluded_by_diagnostics.txt""]]"
USA/CA-CDC-LC0059690/2021	filter_by_exclude	"[[""exclude_file"", ""results/custom-build/excluded_by_diagnostics.txt""]]"
USA/NY-CDC-4082060-001/2021	filter_by_exclude	"[[""exclude_file"", ""results/custom-build/excluded_by_diagnostics.txt""]]"
USA/NY-MSHSPSP-PV73997/2022	filter_by_exclude	"[[""exclude_file"", ""results/custom-build/excluded_by_diagnostics.txt""]]"
USA/NY-Wadsworth-21020489-01/2021	filter_by_exclude	"[[""exclude_file"", ""results/custom-build/excluded_by_diagnostics.txt""]]"
USA/NY-Wadsworth-21041727-01/2021	filter_by_exclude	"[[""exclude_file"", ""results/custom-build/excluded_by_diagnostics.txt""]]"
USA/NY-Wadsworth-21032726-01/2021	filter_by_exclude	"[[""exclude_file"", ""results/custom-build/excluded_by_diagnostics.txt""]]"
USA/NY-Wadsworth-21023063-01/2021	filter_by_exclude	"[[""exclude_file"", ""results/custom-build/excluded_by_diagnostics.txt""]]"
USA/NY-MSHSPSP-PV36110/2021	filter_by_exclude	"[[""exclude_file"", ""results/custom-build/excluded_by_diagnostics.txt""]]"
USA/VA-DCLS-15954/2024	filter_by_exclude	"[[""exclude_file"", ""results/custom-build/excluded_by_diagnostics.txt""]]"
USA/NY-Wadsworth-21018094-01/2021	filter_by_exclude	"[[""exclude_file"", ""results/custom-build/excluded_by_diagnostics.txt""]]"
USA/NY-Wadsworth-21035678-01/2021	filter_by_exclude	"[[""exclude_file"", ""results/custom-build/excluded_by_diagnostics.txt""]]"
USA/NY-Wadsworth-21023258-01/2021	filter_by_exclude	"[[""exclude_file"", ""results/custom-build/excluded_by_diagnostics.txt""]]"
IMS-10082-CVDP-F7AB8634-D2F4-4642-A0C6-9ED7FEBF9AFE	filter_by_exclude	"[[""exclude_file"", ""results/custom-build/excluded_by_diagnostics.txt""]]"
USA/NY-MVL059210116/2021	filter_by_exclude	"[[""exclude_file"", ""results/custom-build/excluded_by_diagnostics.txt""]]"
IMS-10285-CVDP-2A70072D-832B-4BE7-B296-BDB2C27A94CC	filter_by_exclude	"[[""exclude_file"", ""results/custom-build/excluded_by_diagnostics.txt""]]"
USA/NY-MSHSPSP-PV72906/2022	filter_by_exclude	"[[""exclude_file"", ""results/custom-build/excluded_by_diagnostics.txt""]]"
USA/NY-MSHSPSP-PV35386/2021	filter_by_exclude	"[[""exclude_file"", ""results/custom-build/excluded_by_diagnostics.txt""]]"
USA/NY-Wadsworth-21021154-01/2021	filter_by_exclude	"[[""exclude_file"", ""results/custom-build/excluded_by_diagnostics.txt""]]"
USA/TX-CDC-LC0876701/2022	filter_by_exclude	"[[""exclude_file"", ""results/custom-build/excluded_by_diagnostics.txt""]]"
USA/CA-CDPH-6000018439/2024	filter_by_exclude	"[[""exclude_file"", ""results/custom-build/excluded_by_diagnostics.txt""]]"
USA/NY-MVL051210732/2021	filter_by_exclude	"[[""exclude_file"", ""results/custom-build/excluded_by_diagnostics.txt""]]"
USA/CA-CDPH-500129226/2023	filter_by_exclude	"[[""exclude_file"", ""results/custom-build/excluded_by_diagnostics.txt""]]"
USA/NY-MSHSPSP-PV66039/2022	filter_by_exclude	"[[""exclude_file"", ""results/custom-build/excluded_by_diagnostics.txt""]]"
USA/NY-NYULH1162/2021	filter_by_exclude	"[[""exclude_file"", ""results/custom-build/excluded_by_diagnostics.txt""]]"
USA/TN-CDC-ASC210059242/2021	filter_by_exclude	"[[""exclude_file"", ""results/custom-build/excluded_by_diagnostics.txt""]]"
USA/NY-Wadsworth-21012248-01/2021	filter_by_exclude	"[[""exclude_file"", ""results/custom-build/excluded_by_diagnostics.txt""]]"
OY739652	filter_by_exclude	"[[""exclude_file"", ""results/custom-build/excluded_by_diagnostics.txt""]]"
USA/NY-MSHSPSP-PV74744/2022	filter_by_exclude	"[[""exclude_file"", ""results/custom-build/excluded_by_diagnostics.txt""]]"
USA/NY-Wadsworth-21028242-01/2021	filter_by_exclude	"[[""exclude_file"", ""results/custom-build/excluded_by_diagnostics.txt""]]"
IMS-10013-CVDP-2C9D5F97-D741-4161-BF70-8DF16B8883A3	filter_by_exclude	"[[""exclude_file"", ""results/custom-build/excluded_by_diagnostics.txt""]]"
USA/MS-MSPHL-0532/2023	filter_by_exclude	"[[""exclude_file"", ""results/custom-build/excluded_by_diagnostics.txt""]]"
England/BRBR-326D3F37/2023	filter_by_exclude	"[[""exclude_file"", ""results/custom-build/excluded_by_diagnostics.txt""]]"
USA/CA-CDC-ASC210088339/2021	filter_by_exclude	"[[""exclude_file"", ""results/custom-build/excluded_by_diagnostics.txt""]]"
USA/NY-AECOM_135/2020	filter_by_exclude	"[[""exclude_file"", ""results/custom-build/excluded_by_diagnostics.txt""]]"
USA/NY-MSHSPSP-PV57590/2022	filter_by_exclude	"[[""exclude_file"", ""results/custom-build/excluded_by_diagnostics.txt""]]"
USA/NY-Wadsworth-21021151-01/2021	filter_by_exclude	"[[""exclude_file"", ""results/custom-build/excluded_by_diagnostics.txt""]]"
USA/NY-Wadsworth-21035085-01/2021	filter_by_exclude	"[[""exclude_file"", ""results/custom-build/excluded_by_diagnostics.txt""]]"
USA/NY-NYULH681/2021	filter_by_exclude	"[[""exclude_file"", ""results/custom-build/excluded_by_diagnostics.txt""]]"
USA/NY-Wadsworth-21001323-01/2020	filter_by_exclude	"[[""exclude_file"", ""results/custom-build/excluded_by_diagnostics.txt""]]"
USA/NY-Wadsworth-21020142-01/2021	filter_by_exclude	"[[""exclude_file"", ""results/custom-build/excluded_by_diagnostics.txt""]]"
USA/NY-Wadsworth-21035091-01/2021	filter_by_exclude	"[[""exclude_file"", ""results/custom-build/excluded_by_diagnostics.txt""]]"
USA/NY-NYULH1429/2021	filter_by_exclude	"[[""exclude_file"", ""results/custom-build/excluded_by_diagnostics.txt""]]"
USA/NY-Wadsworth-21043036-01/2021	filter_by_exclude	"[[""exclude_file"", ""results/custom-build/excluded_by_diagnostics.txt""]]"
USA/NY-MSHSPSP-PV64197/2022	filter_by_exclude	"[[""exclude_file"", ""results/custom-build/excluded_by_diagnostics.txt""]]"
USA/NY-MSHSPSP-PV27064/2021	filter_by_exclude	"[[""exclude_file"", ""results/custom-build/excluded_by_diagnostics.txt""]]"
USA/NY-MSHSPSP-PV74187/2022	filter_by_exclude	"[[""exclude_file"", ""results/custom-build/excluded_by_diagnostics.txt""]]"
USA/NY-MSHSPSP-PV56930/2022	filter_by_exclude	"[[""exclude_file"", ""results/custom-build/excluded_by_diagnostics.txt""]]"
USA/CO-CDPHE-41279682/2023	filter_by_exclude	"[[""exclude_file"", ""results/custom-build/excluded_by_diagnostics.txt""]]"
USA/NY-MSHSPSP-PV58895/2022	filter_by_exclude	"[[""exclude_file"", ""results/custom-build/excluded_by_diagnostics.txt""]]"
USA/NY-Wadsworth-21042203-01/2021	filter_by_exclude	"[[""exclude_file"", ""results/custom-build/excluded_by_diagnostics.txt""]]"
OY582081	filter_by_exclude	"[[""exclude_file"", ""results/custom-build/excluded_by_diagnostics.txt""]]"
USA/NY-Wadsworth-21017496-01/2021	filter_by_exclude	"[[""exclude_file"", ""results/custom-build/excluded_by_diagnostics.txt""]]"
USA/NY-MSHSPSP-PV57952/2022	filter_by_exclude	"[[""exclude_file"", ""results/custom-build/excluded_by_diagnostics.txt""]]"
USA/NY-MVL018210323/2021	filter_by_exclude	"[[""exclude_file"", ""results/custom-build/excluded_by_diagnostics.txt""]]"
USA/NY-Wadsworth-21023037-01/2021	filter_by_exclude	"[[""exclude_file"", ""results/custom-build/excluded_by_diagnostics.txt""]]"
USA/NY-MVL051210719/2021	filter_by_exclude	"[[""exclude_file"", ""results/custom-build/excluded_by_diagnostics.txt""]]"
USA/OKPHL0027746/2023	filter_by_exclude	"[[""exclude_file"", ""results/custom-build/excluded_by_diagnostics.txt""]]"
USA/NY-MVL056211575/2021	filter_by_exclude	"[[""exclude_file"", ""results/custom-build/excluded_by_diagnostics.txt""]]"
USA/NY-Wadsworth-21012257-01/2021	filter_by_exclude	"[[""exclude_file"", ""results/custom-build/excluded_by_diagnostics.txt""]]"
USA/NY-MSHSPSP-PV59017/2022	filter_by_exclude	"[[""exclude_file"", ""results/custom-build/excluded_by_diagnostics.txt""]]"
USA/NY-Wadsworth-21028235-01/2021	filter_by_exclude	"[[""exclude_file"", ""results/custom-build/excluded_by_diagnostics.txt""]]"
USA/NY-MVL065210429/2021	filter_by_exclude	"[[""exclude_file"", ""results/custom-build/excluded_by_diagnostics.txt""]]"
USA/NY-Wadsworth-21106449-01/2021	filter_by_exclude	"[[""exclude_file"", ""results/custom-build/excluded_by_diagnostics.txt""]]"
USA/NY-Wadsworth-21018099-01/2021	filter_by_exclude	"[[""exclude_file"", ""results/custom-build/excluded_by_diagnostics.txt""]]"
USA/PA-M21061017/2021	filter_by_exclude	"[[""exclude_file"", ""results/custom-build/excluded_by_diagnostics.txt""]]"
USA/NJ-CDC-LC0671180/2022	filter_by_exclude	"[[""exclude_file"", ""results/custom-build/excluded_by_diagnostics.txt""]]"
IMS-10087-CVDP-F4E93496-F6C2-4746-9FCC-0E0E2116C002	filter_by_exclude	"[[""exclude_file"", ""results/custom-build/excluded_by_diagnostics.txt""]]"
USA/NY-Wadsworth-21026039-01/2021	filter_by_exclude	"[[""exclude_file"", ""results/custom-build/excluded_by_diagnostics.txt""]]"
OY514782	filter_by_exclude	"[[""exclude_file"", ""results/custom-build/excluded_by_diagnostics.txt""]]"
USA/NY-Wadsworth-21035098-01/2021	filter_by_exclude	"[[""exclude_file"", ""results/custom-build/excluded_by_diagnostics.txt""]]"
USA/NY-Wadsworth-21021229-01/2021	filter_by_exclude	"[[""exclude_file"", ""results/custom-build/excluded_by_diagnostics.txt""]]"
USA/NY-Wadsworth-21028276-01/2021	filter_by_exclude	"[[""exclude_file"", ""results/custom-build/excluded_by_diagnostics.txt""]]"
USA/CO-CDPHE-41420501/2023	filter_by_exclude	"[[""exclude_file"", ""results/custom-build/excluded_by_diagnostics.txt""]]"
USA/NY-Yale-4325/2021	filter_by_exclude	"[[""exclude_file"", ""results/custom-build/excluded_by_diagnostics.txt""]]"
USA/NY-NYULH2258/2021	filter_by_exclude	"[[""exclude_file"", ""results/custom-build/excluded_by_diagnostics.txt""]]"
USA/NY-Wadsworth-21044199-01/2021	filter_by_exclude	"[[""exclude_file"", ""results/custom-build/excluded_by_diagnostics.txt""]]"
USA/NY-MVL055210204/2021	filter_by_exclude	"[[""exclude_file"", ""results/custom-build/excluded_by_diagnostics.txt""]]"
USA/NY-Wadsworth-21028845-01/2021	filter_by_exclude	"[[""exclude_file"", ""results/custom-build/excluded_by_diagnostics.txt""]]"
USA/NY-Wadsworth-21035990-01/2021	filter_by_exclude	"[[""exclude_file"", ""results/custom-build/excluded_by_diagnostics.txt""]]"
USA/NY-Wadsworth-21025957-01/2021	filter_by_exclude	"[[""exclude_file"", ""results/custom-build/excluded_by_diagnostics.txt""]]"
USA/UT-UPHL-231124954892/2023	filter_by_exclude	"[[""exclude_file"", ""results/custom-build/excluded_by_diagnostics.txt""]]"
USA/NY-Wadsworth-21025945-01/2021	filter_by_exclude	"[[""exclude_file"", ""results/custom-build/excluded_by_diagnostics.txt""]]"
USA/CA-CDC-LC1052154/2023	filter_by_exclude	"[[""exclude_file"", ""results/custom-build/excluded_by_diagnostics.txt""]]"
USA/NY-MSHSPSP-PV58553/2022	filter_by_exclude	"[[""exclude_file"", ""results/custom-build/excluded_by_diagnostics.txt""]]"
USA/NY-MSHSPSP-PV65960/2022	filter_by_exclude	"[[""exclude_file"", ""results/custom-build/excluded_by_diagnostics.txt""]]"
USA/NY-Wadsworth-21020851-01/2021	filter_by_exclude	"[[""exclude_file"", ""results/custom-build/excluded_by_diagnostics.txt""]]"
USA/NY-Wadsworth-21040794-01/2021	filter_by_exclude	"[[""exclude_file"", ""results/custom-build/excluded_by_diagnostics.txt""]]"
USA/NY-MSHSPSP-PV29142/2021	filter_by_exclude	"[[""exclude_file"", ""results/custom-build/excluded_by_diagnostics.txt""]]"
USA/NY-Wadsworth-21020493-01/2021	filter_by_exclude	"[[""exclude_file"", ""results/custom-build/excluded_by_diagnostics.txt""]]"
USA/NY-Wadsworth-21044183-01/2021	filter_by_exclude	"[[""exclude_file"", ""results/custom-build/excluded_by_diagnostics.txt""]]"
USA/MN-CDC-ASC210523965/2021	filter_by_exclude	"[[""exclude_file"", ""results/custom-build/excluded_by_diagnostics.txt""]]"
USA/NY-Wadsworth-21018156-01/2021	filter_by_exclude	"[[""exclude_file"", ""results/custom-build/excluded_by_diagnostics.txt""]]"
USA/NY-MSHSPSP-PV56872/2022	filter_by_exclude	"[[""exclude_file"", ""results/custom-build/excluded_by_diagnostics.txt""]]"
USA/NY-Wadsworth-21025988-01/2021	filter_by_exclude	"[[""exclude_file"", ""results/custom-build/excluded_by_diagnostics.txt""]]"
USA/NY-MSHSPSP-PV58881/2022	filter_by_exclude	"[[""exclude_file"", ""results/custom-build/excluded_by_diagnostics.txt""]]"
USA/NY-MSHSPSP-PV26990/2021	filter_by_exclude	"[[""exclude_file"", ""results/custom-build/excluded_by_diagnostics.txt""]]"
USA/NY-MSHSPSP-PV37096/2021	filter_by_exclude	"[[""exclude_file"", ""results/custom-build/excluded_by_diagnostics.txt""]]"
USA/NY-Wadsworth-21018772-01/2021	filter_by_exclude	"[[""exclude_file"", ""results/custom-build/excluded_by_diagnostics.txt""]]"
USA/NY-Wadsworth-21023032-01/2021	filter_by_exclude	"[[""exclude_file"", ""results/custom-build/excluded_by_diagnostics.txt""]]"
USA/NY-Wadsworth-21028658-01/2021	filter_by_exclude	"[[""exclude_file"", ""results/custom-build/excluded_by_diagnostics.txt""]]"
USA/NY-MVL040210016/2021	filter_by_exclude	"[[""exclude_file"", ""results/custom-build/excluded_by_diagnostics.txt""]]"
USA/NY-Wadsworth-21007296-01/2021	filter_by_exclude	"[[""exclude_file"", ""results/custom-build/excluded_by_diagnostics.txt""]]"
USA/NY-Wadsworth-21028608-01/2021	filter_by_exclude	"[[""exclude_file"", ""results/custom-build/excluded_by_diagnostics.txt""]]"
USA/NY-Wadsworth-21020868-01/2021	filter_by_exclude	"[[""exclude_file"", ""results/custom-build/excluded_by_diagnostics.txt""]]"
USA/NY-MVL059210645/2021	filter_by_exclude	"[[""exclude_file"", ""results/custom-build/excluded_by_diagnostics.txt""]]"
USA/NY-Wadsworth-21023034-01/2021	filter_by_exclude	"[[""exclude_file"", ""results/custom-build/excluded_by_diagnostics.txt""]]"
USA/NY-Wadsworth-21020593-01/2021	filter_by_exclude	"[[""exclude_file"", ""results/custom-build/excluded_by_diagnostics.txt""]]"
USA/NY-MSHSPSP-PV66267/2022	filter_by_exclude	"[[""exclude_file"", ""results/custom-build/excluded_by_diagnostics.txt""]]"
USA/NY-MVL073210353/2021	filter_by_exclude	"[[""exclude_file"", ""results/custom-build/excluded_by_diagnostics.txt""]]"
USA/NY-Wadsworth-21025982-01/2021	filter_by_exclude	"[[""exclude_file"", ""results/custom-build/excluded_by_diagnostics.txt""]]"
USA/NY-Wadsworth-21018085-01/2021	filter_by_exclude	"[[""exclude_file"", ""results/custom-build/excluded_by_diagnostics.txt""]]"
OY285214	filter_by_exclude	"[[""exclude_file"", ""results/custom-build/excluded_by_diagnostics.txt""]]"
USA/NY-MVL063211059/2021	filter_by_exclude	"[[""exclude_file"", ""results/custom-build/excluded_by_diagnostics.txt""]]"
USA/NY-MVL048211671/2021	filter_by_exclude	"[[""exclude_file"", ""results/custom-build/excluded_by_diagnostics.txt""]]"
USA/NY-Wadsworth-21025949-01/2021	filter_by_exclude	"[[""exclude_file"", ""results/custom-build/excluded_by_diagnostics.txt""]]"
USA/NY-Wadsworth-21018007-01/2021	filter_by_exclude	"[[""exclude_file"", ""results/custom-build/excluded_by_diagnostics.txt""]]"
USA/NY-Wadsworth-21101906-01/2021	filter_by_exclude	"[[""exclude_file"", ""results/custom-build/excluded_by_diagnostics.txt""]]"
USA/NY-Wadsworth-21017987-01/2021	filter_by_exclude	"[[""exclude_file"", ""results/custom-build/excluded_by_diagnostics.txt""]]"
USA/NY-MVL040211099/2021	filter_by_exclude	"[[""exclude_file"", ""results/custom-build/excluded_by_diagnostics.txt""]]"
USA/NY-Wadsworth-21020567-01/2021	filter_by_exclude	"[[""exclude_file"", ""results/custom-build/excluded_by_diagnostics.txt""]]"
USA/NY-Wadsworth-21035087-01/2021	filter_by_exclude	"[[""exclude_file"", ""results/custom-build/excluded_by_diagnostics.txt""]]"
USA/NY-Wadsworth-21021083-01/2021	filter_by_exclude	"[[""exclude_file"", ""results/custom-build/excluded_by_diagnostics.txt""]]"
USA/ND-USAFSAM-S21503/2023	filter_by_exclude	"[[""exclude_file"", ""results/custom-build/excluded_by_diagnostics.txt""]]"
USA/NY-Wadsworth-21026012-01/2021	filter_by_exclude	"[[""exclude_file"", ""results/custom-build/excluded_by_diagnostics.txt""]]"
USA/NY-MSHSPSP-PV37628/2021	filter_by_exclude	"[[""exclude_file"", ""results/custom-build/excluded_by_diagnostics.txt""]]"
USA/NY-Wadsworth-21046911-01/2021	filter_by_exclude	"[[""exclude_file"", ""results/custom-build/excluded_by_diagnostics.txt""]]"
USA/NY-Wadsworth-21012153-01/2021	filter_by_exclude	"[[""exclude_file"", ""results/custom-build/excluded_by_diagnostics.txt""]]"
USA/NY-MSHSPSP-PV74963/2022	filter_by_exclude	"[[""exclude_file"", ""results/custom-build/excluded_by_diagnostics.txt""]]"
OW643892	filter_by_exclude	"[[""exclude_file"", ""results/custom-build/excluded_by_diagnostics.txt""]]"
USA/NY-MSHSPSP-PV35868/2021	filter_by_exclude	"[[""exclude_file"", ""results/custom-build/excluded_by_diagnostics.txt""]]"
USA/NY-Wadsworth-21035504-01/2021	filter_by_exclude	"[[""exclude_file"", ""results/custom-build/excluded_by_diagnostics.txt""]]"
USA/NY-MSHSPSP-PV65404/2022	filter_by_exclude	"[[""exclude_file"", ""results/custom-build/excluded_by_diagnostics.txt""]]"
USA/NY-Wadsworth-21012058-01/2021	filter_by_exclude	"[[""exclude_file"", ""results/custom-build/excluded_by_diagnostics.txt""]]"
USA/NY-Wadsworth-21028638-01/2021	filter_by_exclude	"[[""exclude_file"", ""results/custom-build/excluded_by_diagnostics.txt""]]"
USA/NY-MSHSPSP-PV66033/2022	filter_by_exclude	"[[""exclude_file"", ""results/custom-build/excluded_by_diagnostics.txt""]]"
Homospiens/BHR/22600160769_S92_L001/2022	filter_by_exclude	"[[""exclude_file"", ""results/custom-build/excluded_by_diagnostics.txt""]]"
USA/NY-MVL056211616/2021	filter_by_exclude	"[[""exclude_file"", ""results/custom-build/excluded_by_diagnostics.txt""]]"
USA/NY-Wadsworth-21015463-01/2021	filter_by_exclude	"[[""exclude_file"", ""results/custom-build/excluded_by_diagnostics.txt""]]"
USA/NY-Wadsworth-21028291-01/2021	filter_by_exclude	"[[""exclude_file"", ""results/custom-build/excluded_by_diagnostics.txt""]]"
USA/NY-NYULH1051/2021	filter_by_exclude	"[[""exclude_file"", ""results/custom-build/excluded_by_diagnostics.txt""]]"
USA/NY-Wadsworth-21042178-01/2021	filter_by_exclude	"[[""exclude_file"", ""results/custom-build/excluded_by_diagnostics.txt""]]"
USA/NY-Wadsworth-21026025-01/2021	filter_by_exclude	"[[""exclude_file"", ""results/custom-build/excluded_by_diagnostics.txt""]]"
OY739265	filter_by_exclude	"[[""exclude_file"", ""results/custom-build/excluded_by_diagnostics.txt""]]"
USA/NY-MSHSPSP-PV65262/2022	filter_by_exclude	"[[""exclude_file"", ""results/custom-build/excluded_by_diagnostics.txt""]]"
USA/NY-Wadsworth-21021058-01/2021	filter_by_exclude	"[[""exclude_file"", ""results/custom-build/excluded_by_diagnostics.txt""]]"
USA/NY-MSHSPSP-PV57579/2022	filter_by_exclude	"[[""exclude_file"", ""results/custom-build/excluded_by_diagnostics.txt""]]"
OY553377	filter_by_exclude	"[[""exclude_file"", ""results/custom-build/excluded_by_diagnostics.txt""]]"
USA/NY-Wadsworth-21020003-01/2021	filter_by_exclude	"[[""exclude_file"", ""results/custom-build/excluded_by_diagnostics.txt""]]"
USA/NY-Wadsworth-21087748-01/2021	filter_by_exclude	"[[""exclude_file"", ""results/custom-build/excluded_by_diagnostics.txt""]]"
England/PLYM-326F9A85/2023	filter_by_exclude	"[[""exclude_file"", ""results/custom-build/excluded_by_diagnostics.txt""]]"
USA/NY-MSHSPSP-PV26943/2021	filter_by_exclude	"[[""exclude_file"", ""results/custom-build/excluded_by_diagnostics.txt""]]"
USA/NY-Wadsworth-21026044-01/2021	filter_by_exclude	"[[""exclude_file"", ""results/custom-build/excluded_by_diagnostics.txt""]]"
USA/NY-Wadsworth-21026013-01/2021	filter_by_exclude	"[[""exclude_file"", ""results/custom-build/excluded_by_diagnostics.txt""]]"
USA/NY-Wadsworth-22016596-01/2022	filter_by_exclude	"[[""exclude_file"", ""results/custom-build/excluded_by_diagnostics.txt""]]"
USA/NY-MSHSPSP-PV58085/2022	filter_by_exclude	"[[""exclude_file"", ""results/custom-build/excluded_by_diagnostics.txt""]]"
USA/NY-MSHSPSP-PV74982/2022	filter_by_exclude	"[[""exclude_file"", ""results/custom-build/excluded_by_diagnostics.txt""]]"
USA/NY-MVL055211116/2021	filter_by_exclude	"[[""exclude_file"", ""results/custom-build/excluded_by_diagnostics.txt""]]"
USA/NY-Wadsworth-21026035-01/2021	filter_by_exclude	"[[""exclude_file"", ""results/custom-build/excluded_by_diagnostics.txt""]]"
USA/NY-Wadsworth-21028300-01/2021	filter_by_exclude	"[[""exclude_file"", ""results/custom-build/excluded_by_diagnostics.txt""]]"
USA/NY-Wadsworth-21032768-01/2021	filter_by_exclude	"[[""exclude_file"", ""results/custom-build/excluded_by_diagnostics.txt""]]"
USA/VA-CDC-LC0956021/2022	filter_by_exclude	"[[""exclude_file"", ""results/custom-build/excluded_by_diagnostics.txt""]]"
USA/NY-Wadsworth-21021060-01/2021	filter_by_exclude	"[[""exclude_file"", ""results/custom-build/excluded_by_diagnostics.txt""]]"
USA/NY-Wadsworth-21061905-01/2021	filter_by_exclude	"[[""exclude_file"", ""results/custom-build/excluded_by_diagnostics.txt""]]"
Denmark/DCGC-629597/2022	filter_by_exclude	"[[""exclude_file"", ""results/custom-build/excluded_by_diagnostics.txt""]]"
USA/NY-Wadsworth-21012223-01/2021	filter_by_exclude	"[[""exclude_file"", ""results/custom-build/excluded_by_diagnostics.txt""]]"
USA/NY-MVL056210713/2021	filter_by_exclude	"[[""exclude_file"", ""results/custom-build/excluded_by_diagnostics.txt""]]"
USA/NY-Wadsworth-21020538-01/2021	filter_by_exclude	"[[""exclude_file"", ""results/custom-build/excluded_by_diagnostics.txt""]]"
USA/CA-CDPH-500130162/2023	filter_by_exclude	"[[""exclude_file"", ""results/custom-build/excluded_by_diagnostics.txt""]]"
USA/NY-MSHSPSP-PV70365/2022	filter_by_exclude	"[[""exclude_file"", ""results/custom-build/excluded_by_diagnostics.txt""]]"
USA/NY-Wadsworth-21106889-01/2021	filter_by_exclude	"[[""exclude_file"", ""results/custom-build/excluded_by_diagnostics.txt""]]"
USA/NY-Wadsworth-21022142-01/2021	filter_by_exclude	"[[""exclude_file"", ""results/custom-build/excluded_by_diagnostics.txt""]]"
USA/NY-Wadsworth-21028310-01/2021	filter_by_exclude	"[[""exclude_file"", ""results/custom-build/excluded_by_diagnostics.txt""]]"
USA/NY-MSHSPSP-PV65214/2022	filter_by_exclude	"[[""exclude_file"", ""results/custom-build/excluded_by_diagnostics.txt""]]"
USA/NY-Wadsworth-21045512-01/2021	filter_by_exclude	"[[""exclude_file"", ""results/custom-build/excluded_by_diagnostics.txt""]]"
USA/NY-Wadsworth-21038184-01/2021	filter_by_exclude	"[[""exclude_file"", ""results/custom-build/excluded_by_diagnostics.txt""]]"
USA/NY-MSHSPSP-PV74989/2022	filter_by_exclude	"[[""exclude_file"", ""results/custom-build/excluded_by_diagnostics.txt""]]"
USA/NY-Wadsworth-21044189-01/2021	filter_by_exclude	"[[""exclude_file"", ""results/custom-build/excluded_by_diagnostics.txt""]]"
USA/NY-Wadsworth-21018086-01/2021	filter_by_exclude	"[[""exclude_file"", ""results/custom-build/excluded_by_diagnostics.txt""]]"
USA/NY-MVL019211203/2021	filter_by_exclude	"[[""exclude_file"", ""results/custom-build/excluded_by_diagnostics.txt""]]"
USA/NY-NYULH1053/2021	filter_by_exclude	"[[""exclude_file"", ""results/custom-build/excluded_by_diagnostics.txt""]]"
USA/2023CV2650/2023	filter_by_exclude	"[[""exclude_file"", ""results/custom-build/excluded_by_diagnostics.txt""]]"
USA/NY-MSHSPSP-PV58368/2022	filter_by_exclude	"[[""exclude_file"", ""results/custom-build/excluded_by_diagnostics.txt""]]"
USA/NY-MVL070210947/2021	filter_by_exclude	"[[""exclude_file"", ""results/custom-build/excluded_by_diagnostics.txt""]]"
USA/NY-MSHSPSP-PV35635/2021	filter_by_exclude	"[[""exclude_file"", ""results/custom-build/excluded_by_diagnostics.txt""]]"
USA/MS-MSPHL-0637/2023	filter_by_exclude	"[[""exclude_file"", ""results/custom-build/excluded_by_diagnostics.txt""]]"
England/LSPA-36A5E13/2022	filter_by_exclude	"[[""exclude_file"", ""results/custom-build/excluded_by_diagnostics.txt""]]"
USA/NY-Wadsworth-21040789-01/2021	filter_by_exclude	"[[""exclude_file"", ""results/custom-build/excluded_by_diagnostics.txt""]]"
USA/NY-Wadsworth-21050092-01/2021	filter_by_exclude	"[[""exclude_file"", ""results/custom-build/excluded_by_diagnostics.txt""]]"
USA/NY-MSHSPSP-PV57929/2022	filter_by_exclude	"[[""exclude_file"", ""results/custom-build/excluded_by_diagnostics.txt""]]"
USA/MN-MDH-38494/2023	filter_by_exclude	"[[""exclude_file"", ""results/custom-build/excluded_by_diagnostics.txt""]]"
USA/NY-Wadsworth-21025962-01/2021	filter_by_exclude	"[[""exclude_file"", ""results/custom-build/excluded_by_diagnostics.txt""]]"
USA/NY-Wadsworth-21018017-01/2021	filter_by_exclude	"[[""exclude_file"", ""results/custom-build/excluded_by_diagnostics.txt""]]"
USA/NY-MVL051210787/2021	filter_by_exclude	"[[""exclude_file"", ""results/custom-build/excluded_by_diagnostics.txt""]]"
USA/AR-CDC-QDX84542043/2023	filter_by_exclude	"[[""exclude_file"", ""results/custom-build/excluded_by_diagnostics.txt""]]"
USA/NY-Wadsworth-21018141-01/2021	filter_by_exclude	"[[""exclude_file"", ""results/custom-build/excluded_by_diagnostics.txt""]]"
USA/NY-Wadsworth-21005046-01/2020	filter_by_exclude	"[[""exclude_file"", ""results/custom-build/excluded_by_diagnostics.txt""]]"
IND/IITRnCoV93/2021	filter_by_exclude	"[[""exclude_file"", ""results/custom-build/excluded_by_diagnostics.txt""]]"
USA/NY-MVL051210733/2021	filter_by_exclude	"[[""exclude_file"", ""results/custom-build/excluded_by_diagnostics.txt""]]"
USA/NY-Wadsworth-21023713-01/2021	filter_by_exclude	"[[""exclude_file"", ""results/custom-build/excluded_by_diagnostics.txt""]]"
USA/NY-MSHSPSP-PV66260/2022	filter_by_exclude	"[[""exclude_file"", ""results/custom-build/excluded_by_diagnostics.txt""]]"
USA/NY-Wadsworth-21008490-01/2021	filter_by_exclude	"[[""exclude_file"", ""results/custom-build/excluded_by_diagnostics.txt""]]"
USA/IVY-G43Q94B6/2023	filter_by_exclude	"[[""exclude_file"", ""results/custom-build/excluded_by_diagnostics.txt""]]"
USA/NY-MSHSPSP-PV67248/2022	filter_by_exclude	"[[""exclude_file"", ""results/custom-build/excluded_by_diagnostics.txt""]]"
USA/NY-MVL053211364/2021	filter_by_exclude	"[[""exclude_file"", ""results/custom-build/excluded_by_diagnostics.txt""]]"
USA/NY-Wadsworth-21025993-01/2021	filter_by_exclude	"[[""exclude_file"", ""results/custom-build/excluded_by_diagnostics.txt""]]"
USA/NY-Wadsworth-21024535-01/2021	filter_by_exclude	"[[""exclude_file"", ""results/custom-build/excluded_by_diagnostics.txt""]]"
England/LOND-12607E6/2020	filter_by_exclude	"[[""exclude_file"", ""results/custom-build/excluded_by_diagnostics.txt""]]"
USA/NY-CDC-QDX85474200/2023	filter_by_exclude	"[[""exclude_file"", ""results/custom-build/excluded_by_diagnostics.txt""]]"
USA/NJ-PHEL-V23008906/2023	filter_by_exclude	"[[""exclude_file"", ""results/custom-build/excluded_by_diagnostics.txt""]]"
USA/NJ-PHEL-V23016397-rep1/2023	filter_by_exclude	"[[""exclude_file"", ""results/custom-build/excluded_by_diagnostics.txt""]]"
USA/NY-MSHSPSP-PV36550/2021	filter_by_exclude	"[[""exclude_file"", ""results/custom-build/excluded_by_diagnostics.txt""]]"
USA/NY-Wadsworth-22012212-01/2022	filter_by_exclude	"[[""exclude_file"", ""results/custom-build/excluded_by_diagnostics.txt""]]"
OY034711	filter_by_exclude	"[[""exclude_file"", ""results/custom-build/excluded_by_diagnostics.txt""]]"
USA/NY-Wadsworth-21046905-01/2021	filter_by_exclude	"[[""exclude_file"", ""results/custom-build/excluded_by_diagnostics.txt""]]"
USA/NY-MVL047211983/2021	filter_by_exclude	"[[""exclude_file"", ""results/custom-build/excluded_by_diagnostics.txt""]]"
USA/NY-Wadsworth-21028254-01/2021	filter_by_exclude	"[[""exclude_file"", ""results/custom-build/excluded_by_diagnostics.txt""]]"
USA/NY-Wadsworth-21032634-01/2021	filter_by_exclude	"[[""exclude_file"", ""results/custom-build/excluded_by_diagnostics.txt""]]"
USA/NY-Wadsworth-21020874-01/2021	filter_by_exclude	"[[""exclude_file"", ""results/custom-build/excluded_by_diagnostics.txt""]]"
USA/NY-MSHSPSP-PV27093/2021	filter_by_exclude	"[[""exclude_file"", ""results/custom-build/excluded_by_diagnostics.txt""]]"
USA/NY-Wadsworth-22025779-01/2022	filter_by_exclude	"[[""exclude_file"", ""results/custom-build/excluded_by_diagnostics.txt""]]"
USA/MD-CDC-LC1064569/2023	filter_by_exclude	"[[""exclude_file"", ""results/custom-build/excluded_by_diagnostics.txt""]]"
USA/NY-Wadsworth-21031413-01/2021	filter_by_exclude	"[[""exclude_file"", ""results/custom-build/excluded_by_diagnostics.txt""]]"
USA/NY-Wadsworth-21020632-01/2021	filter_by_exclude	"[[""exclude_file"", ""results/custom-build/excluded_by_diagnostics.txt""]]"
IMS-10285-CVDP-3147536B-56EE-4FE4-AA03-6ED7210181FE	filter_by_exclude	"[[""exclude_file"", ""results/custom-build/excluded_by_diagnostics.txt""]]"
USA/NY-MMI040210454/2021	filter_by_exclude	"[[""exclude_file"", ""results/custom-build/excluded_by_diagnostics.txt""]]"
USA/NY-MSHSPSP-PV59265/2022	filter_by_exclude	"[[""exclude_file"", ""results/custom-build/excluded_by_diagnostics.txt""]]"
USA/NY-MSHSPSP-PV37108/2021	filter_by_exclude	"[[""exclude_file"", ""results/custom-build/excluded_by_diagnostics.txt""]]"
USA/NY-MVL019210016/2021	filter_by_exclude	"[[""exclude_file"", ""results/custom-build/excluded_by_diagnostics.txt""]]"
USA/NY-Wadsworth-21040804-01/2021	filter_by_exclude	"[[""exclude_file"", ""results/custom-build/excluded_by_diagnostics.txt""]]"
USA/NV-CDC-LC0913496/2022	filter_by_exclude	"[[""exclude_file"", ""results/custom-build/excluded_by_diagnostics.txt""]]"
USA/NY-MSHSPSP-PV58107/2022	filter_by_exclude	"[[""exclude_file"", ""results/custom-build/excluded_by_diagnostics.txt""]]"
USA/NY-Wadsworth-21032725-01/2021	filter_by_exclude	"[[""exclude_file"", ""results/custom-build/excluded_by_diagnostics.txt""]]"
USA/NY-MVL062211722/2021	filter_by_exclude	"[[""exclude_file"", ""results/custom-build/excluded_by_diagnostics.txt""]]"
USA/NY-Wadsworth-21026002-01/2021	filter_by_exclude	"[[""exclude_file"", ""results/custom-build/excluded_by_diagnostics.txt""]]"
USA/NY-NYCPHL-003654/2021	filter_by_exclude	"[[""exclude_file"", ""results/custom-build/excluded_by_diagnostics.txt""]]"
USA/NY-MSHSPSP-PV35835/2021	filter_by_exclude	"[[""exclude_file"", ""results/custom-build/excluded_by_diagnostics.txt""]]"
USA/NY-MSHSPSP-PV35743/2021	filter_by_exclude	"[[""exclude_file"", ""results/custom-build/excluded_by_diagnostics.txt""]]"
Scotland/SCOT-24145/2023	filter_by_exclude	"[[""exclude_file"", ""results/custom-build/excluded_by_diagnostics.txt""]]"
USA/NY-MSHSPSP-PV59475/2022	filter_by_exclude	"[[""exclude_file"", ""results/custom-build/excluded_by_diagnostics.txt""]]"
USA/NY-Wadsworth-21030351-01/2021	filter_by_exclude	"[[""exclude_file"", ""results/custom-build/excluded_by_diagnostics.txt""]]"
USA/IN-CDC-LC0073214/2021	filter_by_exclude	"[[""exclude_file"", ""results/custom-build/excluded_by_diagnostics.txt""]]"
USA/NY-Wadsworth-21022364-01/2021	filter_by_exclude	"[[""exclude_file"", ""results/custom-build/excluded_by_diagnostics.txt""]]"
USA/NY-Wadsworth-21032777-01/2021	filter_by_exclude	"[[""exclude_file"", ""results/custom-build/excluded_by_diagnostics.txt""]]"
USA/NY-Wadsworth-21087754-01/2021	filter_by_exclude	"[[""exclude_file"", ""results/custom-build/excluded_by_diagnostics.txt""]]"
Denmark/DCGC-641842/2023	filter_by_exclude	"[[""exclude_file"", ""results/custom-build/excluded_by_diagnostics.txt""]]"
USA/NY-Wadsworth-21038176-01/2021	filter_by_exclude	"[[""exclude_file"", ""results/custom-build/excluded_by_diagnostics.txt""]]"
USA/NY-Wadsworth-21021173-01/2021	filter_by_exclude	"[[""exclude_file"", ""results/custom-build/excluded_by_diagnostics.txt""]]"
USA/AZ-CDC-ASC210002743/2021	filter_by_exclude	"[[""exclude_file"", ""results/custom-build/excluded_by_diagnostics.txt""]]"
USA/NY-Wadsworth-21032738-01/2021	filter_by_exclude	"[[""exclude_file"", ""results/custom-build/excluded_by_diagnostics.txt""]]"
USA/NY-Wadsworth-21035502-01/2021	filter_by_exclude	"[[""exclude_file"", ""results/custom-build/excluded_by_diagnostics.txt""]]"
USA/NY-Wadsworth-21018132-01/2021	filter_by_exclude	"[[""exclude_file"", ""results/custom-build/excluded_by_diagnostics.txt""]]"
USA/FL-CDC-ASC210070904/2021	filter_by_exclude	"[[""exclude_file"", ""results/custom-build/excluded_by_diagnostics.txt""]]"
USA/NY-MSHSPSP-PV66178/2022	filter_by_exclude	"[[""exclude_file"", ""results/custom-build/excluded_by_diagnostics.txt""]]"
USA/NY-MSHSPSP-PV35113/2021	filter_by_exclude	"[[""exclude_file"", ""results/custom-build/excluded_by_diagnostics.txt""]]"
USA/NY-MSHSPSP-PV57549/2022	filter_by_exclude	"[[""exclude_file"", ""results/custom-build/excluded_by_diagnostics.txt""]]"
USA/NY-Wadsworth-21020879-01/2021	filter_by_exclude	"[[""exclude_file"", ""results/custom-build/excluded_by_diagnostics.txt""]]"
USA/NY-Wadsworth-21028308-01/2021	filter_by_exclude	"[[""exclude_file"", ""results/custom-build/excluded_by_diagnostics.txt""]]"
USA/NY-Wadsworth-21046906-01/2021	filter_by_exclude	"[[""exclude_file"", ""results/custom-build/excluded_by_diagnostics.txt""]]"
USA/NY-Wadsworth-21020542-01/2021	filter_by_exclude	"[[""exclude_file"", ""results/custom-build/excluded_by_diagnostics.txt""]]"
USA/NY-PV36598/2021	filter_by_exclude_where	"[[""exclude_where"", ""division=USA""]]"
USA/NV-NSPHL-475572/2021	filter_by_exclude_where	"[[""exclude_where"", ""division=USA""]]"
USA/CO-CDPHE-2103421374/2022	filter_by_exclude_where	"[[""exclude_where"", ""division=USA""]]"
USA/UT-UPHL-210528331446/2021	filter_by_exclude_where	"[[""exclude_where"", ""division=USA""]]"
USA/NY-PV28901/2021	filter_by_exclude_where	"[[""exclude_where"", ""division=USA""]]"
USA/SEARCH-16912/2021	filter_by_exclude_where	"[[""exclude_where"", ""division=USA""]]"
USA/Mayo7673/2020	filter_by_exclude_where	"[[""exclude_where"", ""division=USA""]]"
USA/UT-UPHL-220326263689/2022	filter_by_exclude_where	"[[""exclude_where"", ""division=USA""]]"
USA/UT-UPHL-2011756/2020	filter_by_exclude_where	"[[""exclude_where"", ""division=USA""]]"
USA/CO-CDPHE-2011139357/2020	filter_by_exclude_where	"[[""exclude_where"", ""division=USA""]]"
USA/CA-CDPH-500010348/2021	filter_by_exclude_where	"[[""exclude_where"", ""division=USA""]]"
USA/CA-SDCPHL-042721-090/2021	filter_by_exclude_where	"[[""exclude_where"", ""division=USA""]]"
USA/CO-CDPHE-2103072957/2022	filter_by_exclude_where	"[[""exclude_where"", ""division=USA""]]"
USA/SEARCH-15331/2021	filter_by_exclude_where	"[[""exclude_where"", ""division=USA""]]"
USA/CA-CDPH-3000033037/2021	filter_by_exclude_where	"[[""exclude_where"", ""division=USA""]]"
USA/SEARCH-13880/2021	filter_by_exclude_where	"[[""exclude_where"", ""division=USA""]]"
USA/UT-UPHL-220619160344/2022	filter_by_exclude_where	"[[""exclude_where"", ""division=USA""]]"
USA/NY-NYULH512/2021	filter_by_query	"[[""query"", ""(`reference_data` == 'yes' & _length >= 27000) | (`custom_data` == 'yes' & _length >= 27000)""]]"
USA/NY-NYULH1067/2021	filter_by_query	"[[""query"", ""(`reference_data` == 'yes' & _length >= 27000) | (`custom_data` == 'yes' & _length >= 27000)""]]"
COL/SEC-1580T/2021	filter_by_query	"[[""query"", ""(`reference_data` == 'yes' & _length >= 27000) | (`custom_data` == 'yes' & _length >= 27000)""]]"
BHR/30005866/2021	filter_by_query	"[[""query"", ""(`reference_data` == 'yes' & _length >= 27000) | (`custom_data` == 'yes' & _length >= 27000)""]]"
USA/NY-NYULH1385/2021	filter_by_query	"[[""query"", ""(`reference_data` == 'yes' & _length >= 27000) | (`custom_data` == 'yes' & _length >= 27000)""]]"
USA/FL-BPHL-10830/2021	filter_by_query	"[[""query"", ""(`reference_data` == 'yes' & _length >= 27000) | (`custom_data` == 'yes' & _length >= 27000)""]]"
USA/NY-NYULH2247/2021	filter_by_query	"[[""query"", ""(`reference_data` == 'yes' & _length >= 27000) | (`custom_data` == 'yes' & _length >= 27000)""]]"
OY749011	filter_by_query	"[[""query"", ""(`reference_data` == 'yes' & _length >= 27000) | (`custom_data` == 'yes' & _length >= 27000)""]]"
USA/NY-NYULH2285/2021	filter_by_query	"[[""query"", ""(`reference_data` == 'yes' & _length >= 27000) | (`custom_data` == 'yes' & _length >= 27000)""]]"
OY616903	filter_by_query	"[[""query"", ""(`reference_data` == 'yes' & _length >= 27000) | (`custom_data` == 'yes' & _length >= 27000)""]]"
USA/NY-NYULH838/2021	filter_by_query	"[[""query"", ""(`reference_data` == 'yes' & _length >= 27000) | (`custom_data` == 'yes' & _length >= 27000)""]]"
USA/NY-NYULH1492/2020	filter_by_query	"[[""query"", ""(`reference_data` == 'yes' & _length >= 27000) | (`custom_data` == 'yes' & _length >= 27000)""]]"
USA/NY-NYULH1590/2021	filter_by_query	"[[""query"", ""(`reference_data` == 'yes' & _length >= 27000) | (`custom_data` == 'yes' & _length >= 27000)""]]"
OY770582	filter_by_query	"[[""query"", ""(`reference_data` == 'yes' & _length >= 27000) | (`custom_data` == 'yes' & _length >= 27000)""]]"
USA/NY-NYULH1381/2021	filter_by_query	"[[""query"", ""(`reference_data` == 'yes' & _length >= 27000) | (`custom_data` == 'yes' & _length >= 27000)""]]"
AUS/VIC7512/2020	filter_by_ambiguous_date	"[[""ambiguity"", ""any""], [""date_column"", ""date""]]"
OY616441	filter_by_ambiguous_date	"[[""ambiguity"", ""any""], [""date_column"", ""date""]]"
IMS-10082-CVDP-B3D9D9F4-F2BC-4CBB-8DA2-04BB84D38193	filter_by_ambiguous_date	"[[""ambiguity"", ""any""], [""date_column"", ""date""]]"
Wuhan-Hu-1/2019	force_include_strains	"[[""include_file"", ""defaults/include.txt""]]"
